{"IcoMoonType":"selection","icons":[{"icon":{"paths":["M64 192h896v192h-896zM64 448h896v192h-896zM64 704h896v192h-896z"],"attrs":[{}],"isMulticolor":false,"isMulticolor2":false,"tags":["menu","list","options","lines","hamburger"],"grid":16},"attrs":[{}],"properties":{"order":3,"id":0,"name":"burgerMenu","prevSize":32,"code":59648},"setIdx":0,"setId":0,"iconIdx":0}],"height":1024,"metadata":{"name":"icomoon"},"preferences":{"showGlyphs":true,"showCodes":true,"showQuickUse":true,"showQuickUse2":true,"showSVGs":true,"fontPref":{"prefix":"icon-","metadata":{"fontFamily":"icomoon"},"metrics":{"emSize":1024,"baseline":6.25,"whitespace":50},"embed":false},"imagePref":{"prefix":"icon-","png":true,"useClassSelector":true,"color":0,"bgColor":16777215},"historySize":50}}